"scenario","type","valence","mean","sd"
1,"baseline",NA,-0.33494682676663,0.292684059084758
2,"baseline",NA,-1.28492352794201,0.287686585467854
3,"baseline",NA,-1.8165763418711,0.282287641577307
4,"baseline",NA,-1.79350030784249,0.299015489236608
5,"baseline",NA,-1.52913903758496,0.268911445977153
6,"baseline",NA,-1.20589563678167,0.292653176680424
7,"baseline",NA,-1.07264655324025,0.281372336278703
8,"baseline",NA,-1.84694308437976,0.275005601886236
9,"baseline",NA,-2.34394292871669,0.301884779494593
10,"baseline",NA,-1.11168703400588,0.31615134024635
11,"baseline",NA,-1.64017569870099,0.303689534957553
12,"baseline",NA,-1.4984950261019,0.289734144790337
13,"baseline",NA,-0.838615869182633,0.312758012345526
14,"baseline",NA,-1.53927953598589,0.28735346643217
15,"baseline",NA,-1.36030674818537,0.312366572080706
16,"baseline",NA,-1.76338699350211,0.283481810979074
17,"baseline",NA,-0.697902096071225,0.292706058239274
18,"baseline",NA,-1.35300986409587,0.306668349560011
19,"baseline",NA,-1.08500828141578,0.305174999734376
20,"baseline",NA,-1.88813975613367,0.282928376567001
21,"baseline",NA,-0.947448710258518,0.302422900689768
22,"baseline",NA,-0.978592490275473,0.305471404460938
23,"baseline",NA,-0.944110927368176,0.279600831202116
24,"baseline",NA,-0.799046360702776,0.295038728100536
25,"baseline",NA,-0.963923951761498,0.294672309731735
26,"baseline",NA,-1.46236273357227,0.280277689844744
27,"baseline",NA,-1.05670091121243,0.293063935625647
28,"baseline",NA,-1.04559140148392,0.30436289344872
29,"baseline",NA,-1.5200887881399,0.30004657397468
30,"baseline",NA,-1.43293728174699,0.311760053830305
31,"baseline",NA,-0.737151143527112,0.286677871338656
1,"physical","exculpatory",-1.40805001281263,0.298769863993115
1,"physical","ambiguous",0.151966874658474,0.280973465623837
1,"physical","inculpatory",2.50282090049629,0.330257269148864
1,"document","exculpatory",-1.00970698217845,0.285243608494561
1,"document","ambiguous",0.543303516456283,0.272432486947898
1,"document","inculpatory",1.24707692585485,0.31488834235518
1,"witness","exculpatory",-0.812073109503348,0.240701450035261
1,"witness","ambiguous",-0.247294064604345,0.19109415820071
1,"witness","inculpatory",1.49968589224516,0.234247282680868
1,"character","exculpatory",-0.34344041242208,0.139887810948004
1,"character","inculpatory",0.574990646126212,0.239194848865478
2,"physical","exculpatory",-0.738269239644894,0.290929418548946
2,"physical","ambiguous",-0.359340574094391,0.291926402558601
2,"physical","inculpatory",2.39321994637319,0.328005537263363
2,"document","exculpatory",-1.24292950141894,0.279789781822133
2,"document","ambiguous",0.469750092659035,0.283352832040512
2,"document","inculpatory",1.61413699150668,0.308116943759512
2,"witness","exculpatory",-0.695634910620658,0.234738991475403
2,"witness","ambiguous",-0.103193527378357,0.168893304485099
2,"witness","inculpatory",1.06947222458781,0.267384012393088
2,"character","exculpatory",-0.312702902271468,0.148249978153033
2,"character","inculpatory",0.717317622446379,0.218561900431981
3,"physical","exculpatory",-0.888556113792093,0.285311421330835
3,"physical","ambiguous",-0.00351185786826999,0.294828758555379
3,"physical","inculpatory",2.58615444952116,0.309517747423459
3,"document","exculpatory",-0.867118374937354,0.272904334054248
3,"document","ambiguous",-0.198199332170986,0.306191001910348
3,"document","inculpatory",2.11413431849084,0.327582124232257
3,"witness","exculpatory",-0.627456362801758,0.243660804577385
3,"witness","ambiguous",-0.0906524662351455,0.178348019747279
3,"witness","inculpatory",1.0941418691287,0.251824968924051
3,"character","exculpatory",-0.296418980198611,0.151915403417005
3,"character","inculpatory",0.72910871883368,0.219141462987472
4,"physical","exculpatory",-0.711059488787866,0.290410310652171
4,"physical","ambiguous",-0.349889678867047,0.290609531846301
4,"physical","inculpatory",1.52924447867117,0.315438523689262
4,"document","exculpatory",-0.824641815181876,0.28992558447447
4,"document","ambiguous",0.193548337995945,0.262129991437591
4,"document","inculpatory",1.38304199385064,0.32245783506801
4,"witness","exculpatory",-0.734098639851389,0.232769869098057
4,"witness","ambiguous",-0.116505316310966,0.17121532910134
4,"witness","inculpatory",1.32187001642797,0.210459740590698
4,"character","exculpatory",-0.275630211994463,0.152061944377425
4,"character","inculpatory",0.727263731911336,0.220711997610211
5,"physical","exculpatory",-1.17963642033115,0.275438403977172
5,"physical","ambiguous",-0.0434131586856501,0.289085113316014
5,"physical","inculpatory",2.90884244885912,0.316354881583456
5,"document","exculpatory",-1.01146469777862,0.265652511118262
5,"document","ambiguous",0.432598211788366,0.290525131256095
5,"document","inculpatory",1.65801729013088,0.318485204943546
5,"witness","exculpatory",-1.04627112605285,0.27595361147195
5,"witness","ambiguous",-0.149119419180303,0.175904138346262
5,"witness","inculpatory",1.31770523469424,0.21434424336277
5,"character","exculpatory",-0.28992845713331,0.146249896073805
5,"character","inculpatory",0.77400854021683,0.223630737964743
6,"physical","exculpatory",-1.1703263786996,0.273001749435015
6,"physical","ambiguous",0.219638063767415,0.292407250137619
6,"physical","inculpatory",2.4687887428087,0.32854902037305
6,"document","exculpatory",-0.774425010255611,0.288258416817771
6,"document","ambiguous",-0.401749991322828,0.315939770573188
6,"document","inculpatory",1.4715671922012,0.317217432227327
6,"witness","exculpatory",-0.762494966891181,0.231194970239777
6,"witness","ambiguous",-0.251042746608311,0.187587762324501
6,"witness","inculpatory",1.30242873332297,0.224853527443339
6,"character","exculpatory",-0.372921374395787,0.150334068015794
6,"character","inculpatory",0.525518716668098,0.24318879967461
7,"physical","exculpatory",-1.10809190296402,0.269836454456863
7,"physical","ambiguous",-0.0413435562181994,0.290287923236666
7,"physical","inculpatory",2.57028574836343,0.324494857484482
7,"document","exculpatory",-0.544717256574255,0.299425727628083
7,"document","ambiguous",0.325933384238338,0.298132610630244
7,"document","inculpatory",1.91789389394898,0.312149819129777
7,"witness","exculpatory",-0.56523519642163,0.243807293363873
7,"witness","ambiguous",-0.199094591681514,0.174922524379821
7,"witness","inculpatory",1.27111546654486,0.209325737313622
7,"character","exculpatory",-0.393750243673229,0.149719233272746
7,"character","inculpatory",0.591066943670879,0.228256960217131
8,"physical","exculpatory",-0.910801305036941,0.277549258882203
8,"physical","ambiguous",-0.0297712622784054,0.287984833120952
8,"physical","inculpatory",2.13204208773378,0.300663148915201
8,"document","exculpatory",-0.900141095362831,0.271246388757831
8,"document","ambiguous",0.639694662387571,0.300270567929286
8,"document","inculpatory",2.50924881685153,0.335688261141982
8,"witness","exculpatory",-0.822397795785158,0.224200755672714
8,"witness","ambiguous",-0.234946609595509,0.185127856155622
8,"witness","inculpatory",1.26392258475928,0.219408565859034
8,"character","exculpatory",-0.239480592391812,0.179478304880397
8,"character","inculpatory",0.653270463804435,0.219790634485084
9,"physical","exculpatory",-1.15897482156946,0.264849965275394
9,"physical","ambiguous",0.0159655860643199,0.30042639564489
9,"physical","inculpatory",2.71803070525841,0.327907394892384
9,"document","exculpatory",-0.955095078966222,0.27838482297209
9,"document","ambiguous",0.184049338597823,0.292544073045831
9,"document","inculpatory",1.70077066258016,0.32549756493781
9,"witness","exculpatory",-0.917232805051961,0.244623575013385
9,"witness","ambiguous",-0.254775250049194,0.199678706025588
9,"witness","inculpatory",1.64912303153146,0.293951648102455
9,"character","exculpatory",-0.367148398239964,0.148990369815317
9,"character","inculpatory",0.668432499113531,0.210947422998564
10,"physical","exculpatory",-1.09726963676923,0.274795506854416
10,"physical","ambiguous",1.01184445419959,0.343357760447735
10,"physical","inculpatory",1.84170662790691,0.31670907863038
10,"document","exculpatory",-1.40066115351751,0.301676192997334
10,"document","ambiguous",0.751471285492429,0.293260995660937
10,"document","inculpatory",1.57980779900208,0.3229524899128
10,"witness","exculpatory",-0.613070292551405,0.232735008154581
10,"witness","ambiguous",0.00614851351516609,0.211914581927394
10,"witness","inculpatory",1.42297814384257,0.228363985951513
10,"character","exculpatory",-0.453710407678792,0.180308010394707
10,"character","inculpatory",1.10778816541504,0.254316788694358
11,"physical","exculpatory",-1.56207279734767,0.306229145998283
11,"physical","ambiguous",0.5258826675895,0.296798984641343
11,"physical","inculpatory",3.23327153315047,0.379396781290451
11,"document","exculpatory",-0.844671562147891,0.28753264601056
11,"document","ambiguous",0.0230010323387266,0.286576328603198
11,"document","inculpatory",1.39937921207147,0.30289619478085
11,"witness","exculpatory",-0.667348728704207,0.242047118023691
11,"witness","ambiguous",-0.214357943597762,0.176802370082251
11,"witness","inculpatory",1.27824660410014,0.21161110664221
11,"character","exculpatory",-0.317090726785619,0.141736427015004
11,"character","inculpatory",0.597912852638351,0.231240347121085
12,"physical","exculpatory",-1.04665411363859,0.265805871346403
12,"physical","ambiguous",0.0116970889725255,0.288019581911009
12,"physical","inculpatory",2.26794203374675,0.321546739421574
12,"document","exculpatory",-0.941735928299287,0.269983377838253
12,"document","ambiguous",0.542469324393068,0.281467021177952
12,"document","inculpatory",1.45715667263647,0.301721732798341
12,"witness","exculpatory",-0.861535599658349,0.238086449812043
12,"witness","ambiguous",-0.130184742535294,0.174252068504299
12,"witness","inculpatory",1.16496426648083,0.233375617913451
12,"character","exculpatory",-0.338657617775614,0.145366120685723
12,"character","inculpatory",0.686181080687028,0.220469486989378
13,"physical","exculpatory",-1.23240229365075,0.2713976746266
13,"physical","ambiguous",-0.275116235672427,0.299837421151861
13,"physical","inculpatory",2.54672288434435,0.332630242910881
13,"document","exculpatory",-1.01184080059399,0.284628374216684
13,"document","ambiguous",0.211907448981225,0.285962473009223
13,"document","inculpatory",2.60527602234286,0.33817470378826
13,"witness","exculpatory",-0.727385134881288,0.235098749412027
13,"witness","ambiguous",-0.252927423029984,0.196868064720063
13,"witness","inculpatory",1.4537280880479,0.222602479461399
13,"character","exculpatory",-0.377569107140604,0.149331297915593
13,"character","inculpatory",1.08229818556694,0.242071041792411
14,"physical","exculpatory",-1.1329533752894,0.27232388521028
14,"physical","ambiguous",0.0970632390523544,0.285875933107112
14,"physical","inculpatory",2.44231421888817,0.299868557506992
14,"document","exculpatory",-0.88484057543227,0.274942575401387
14,"document","ambiguous",0.17966646167849,0.273838886787691
14,"document","inculpatory",1.76123239995377,0.313483308334101
14,"witness","exculpatory",-0.606254842624717,0.230165219999167
14,"witness","ambiguous",-0.296413893726189,0.204680030646678
14,"witness","inculpatory",1.38748783919655,0.211557015425059
14,"character","exculpatory",-0.271588030806177,0.161019878609653
14,"character","inculpatory",0.434779399214617,0.243675615105723
15,"physical","exculpatory",-0.890861860095995,0.272772125539715
15,"physical","ambiguous",0.443337196629855,0.277087556812966
15,"physical","inculpatory",2.07964666950361,0.322324157299054
15,"document","exculpatory",-1.32189344966358,0.289746223170158
15,"document","ambiguous",0.277636875509026,0.283635252723865
15,"document","inculpatory",2.08681645412527,0.313705660012429
15,"witness","exculpatory",-0.470639654946266,0.260217447596356
15,"witness","ambiguous",-0.116967068184164,0.168196031547237
15,"witness","inculpatory",1.10874302101388,0.237621663203457
15,"character","exculpatory",-0.220997055685427,0.178676605513365
15,"character","inculpatory",0.343176483258807,0.266518792118172
16,"physical","exculpatory",-0.696843353241205,0.288060444156273
16,"physical","ambiguous",-0.0383525853464828,0.278284360550776
16,"physical","inculpatory",1.70914114458252,0.342479492040206
16,"document","exculpatory",-0.827597094026253,0.267889096354851
16,"document","ambiguous",-0.0586572844490854,0.285996936182564
16,"document","inculpatory",1.41926011409302,0.323425210776163
16,"witness","exculpatory",-0.608368575421186,0.233958493067965
16,"witness","ambiguous",-0.208226693290162,0.170753485361088
16,"witness","inculpatory",1.51690609823156,0.242043868275386
16,"character","exculpatory",-0.334626372732796,0.146024607245363
16,"character","inculpatory",0.802223488759521,0.209332865715254
17,"physical","exculpatory",-0.80106091076935,0.276721636194514
17,"physical","ambiguous",-0.0385202973969507,0.288011664722753
17,"physical","inculpatory",2.09863452503589,0.322993545533026
17,"document","exculpatory",-1.47158481770017,0.306494676989821
17,"document","ambiguous",0.52317125409266,0.287521497889786
17,"document","inculpatory",1.79838770729696,0.308680118201803
17,"witness","exculpatory",-0.951501985785088,0.254115171694183
17,"witness","ambiguous",0.0124304063043878,0.222198180083073
17,"witness","inculpatory",1.19562413482642,0.22529542492068
17,"character","exculpatory",-0.375897621946664,0.142608046436729
17,"character","inculpatory",0.911503625182215,0.238011452268311
18,"physical","exculpatory",-0.491558615950726,0.305168081877366
18,"physical","ambiguous",0.102125244418254,0.281071195691229
18,"physical","inculpatory",1.80874651986338,0.352646364232053
18,"document","exculpatory",-0.974274652904868,0.267047421764799
18,"document","ambiguous",0.600639883399358,0.285711836484617
18,"document","inculpatory",1.5298261879585,0.312437884462202
18,"witness","exculpatory",-0.807647475286841,0.238852709921709
18,"witness","ambiguous",-0.160140237967085,0.185620460568495
18,"witness","inculpatory",1.36767312606065,0.221359991183384
18,"character","exculpatory",-0.353372822975146,0.141633056682297
18,"character","inculpatory",0.97405711758352,0.23184442482416
19,"physical","exculpatory",-1.39932029609788,0.296069273398741
19,"physical","ambiguous",0.566074129735089,0.30574454897327
19,"physical","inculpatory",2.67961409820706,0.32077912839962
19,"document","exculpatory",-0.854660540405986,0.276907311572053
19,"document","ambiguous",0.351665786048913,0.298289240425273
19,"document","inculpatory",1.4391495704154,0.31776058961203
19,"witness","exculpatory",-0.409660226249861,0.262861090471085
19,"witness","ambiguous",-0.172920015633848,0.171767325143041
19,"witness","inculpatory",1.2402868332479,0.225785547234184
19,"character","exculpatory",-0.329265735570264,0.144627039529553
19,"character","inculpatory",0.878166443003646,0.222243034609248
20,"physical","exculpatory",-0.943365911799913,0.273178642539227
20,"physical","ambiguous",0.529759161331638,0.275743944574433
20,"physical","inculpatory",1.52630888792738,0.334792072425285
20,"document","exculpatory",-0.83537347238765,0.269406408921038
20,"document","ambiguous",0.0203689264541961,0.281952105615562
20,"document","inculpatory",1.64938155637093,0.302252534118923
20,"witness","exculpatory",-0.559053493676992,0.237764710568852
20,"witness","ambiguous",-0.0740790180308872,0.180426540698706
20,"witness","inculpatory",1.02692547450464,0.267438815533512
20,"character","exculpatory",-0.379459446701083,0.148125854752178
20,"character","inculpatory",0.967583830165684,0.230976684101413
21,"physical","exculpatory",-1.0989748545712,0.285093568666352
21,"physical","ambiguous",0.311152368677534,0.285166533715826
21,"physical","inculpatory",2.79526702846309,0.298549927672766
21,"document","exculpatory",-0.949507360487359,0.281367113094036
21,"document","ambiguous",0.533942622909809,0.283991854663375
21,"document","inculpatory",0.43982094348645,0.336086212400194
21,"witness","exculpatory",-0.933674080032803,0.246221171047048
21,"witness","ambiguous",-0.251172564941962,0.1868535385423
21,"witness","inculpatory",1.23300847478256,0.221666574055989
21,"character","exculpatory",-0.380260470013427,0.149809659631969
21,"character","inculpatory",0.702703532766216,0.223873236021072
22,"physical","exculpatory",-1.21785612235309,0.280919711315622
22,"physical","ambiguous",0.389305912985407,0.293734842433487
22,"physical","inculpatory",2.39841613520274,0.301976454366164
22,"document","exculpatory",-0.978435004087601,0.269940413438617
22,"document","ambiguous",0.285874492287239,0.286240844577091
22,"document","inculpatory",2.0724873994483,0.30941355572484
22,"witness","exculpatory",-0.509453662121196,0.23960854748704
22,"witness","ambiguous",-0.0599400431665102,0.191922049401046
22,"witness","inculpatory",1.19432094558197,0.241522644825574
22,"character","exculpatory",-0.374597970631818,0.137491188355158
22,"character","inculpatory",0.681092312912565,0.217534504656189
23,"physical","exculpatory",-0.779113651969993,0.274946645230824
23,"physical","ambiguous",-0.268979800838676,0.298378930871677
23,"physical","inculpatory",1.8010592161622,0.302409094673933
23,"document","exculpatory",-1.62537013843953,0.313955975811895
23,"document","ambiguous",0.457452402023785,0.269042224721434
23,"document","inculpatory",1.73996409367535,0.334523420674982
23,"witness","exculpatory",-0.394073083996031,0.259764336906171
23,"witness","ambiguous",-0.127804836408148,0.164368732533901
23,"witness","inculpatory",1.22865972595708,0.216246935897167
23,"character","exculpatory",-0.320584437129864,0.144846038649926
23,"character","inculpatory",0.760139025022516,0.220288940269907
24,"physical","exculpatory",-0.899667981858645,0.282229142838458
24,"physical","ambiguous",0.502668146794265,0.27504584375524
24,"physical","inculpatory",1.60696947558629,0.317276148183828
24,"document","exculpatory",-0.913502107290407,0.269571506381527
24,"document","ambiguous",0.197990308228987,0.281044610205428
24,"document","inculpatory",2.41087668828919,0.324216864012044
24,"witness","exculpatory",-0.729150930177582,0.222018112893789
24,"witness","ambiguous",-0.156105705968086,0.178910821451855
24,"witness","inculpatory",1.17528076521182,0.230262053321575
24,"character","exculpatory",-0.336540624761344,0.1414208690716
24,"character","inculpatory",0.575521479972919,0.212278803085568
25,"physical","exculpatory",-1.21085076451999,0.268067013015923
25,"physical","ambiguous",0.340935506571714,0.286339058868992
25,"physical","inculpatory",1.71011661381796,0.352781648389536
25,"document","exculpatory",-1.36640002903429,0.295352921638013
25,"document","ambiguous",0.137636837966211,0.280696367349093
25,"document","inculpatory",1.71036942872826,0.306922420080877
25,"witness","exculpatory",-0.676750253109986,0.242197584615741
25,"witness","ambiguous",-0.155106592781665,0.181731537995827
25,"witness","inculpatory",1.36042535537917,0.215670824302031
25,"character","exculpatory",-0.397886597117323,0.153179548688085
25,"character","inculpatory",0.903680967600095,0.232628567358085
26,"physical","exculpatory",-0.702723796697507,0.274291687911764
26,"physical","ambiguous",-0.0386445050371577,0.296945429864361
26,"physical","inculpatory",2.1209190560807,0.304444783926522
26,"document","exculpatory",-0.878538993112961,0.272811459589664
26,"document","ambiguous",0.879850250717569,0.302445589279875
26,"document","inculpatory",1.00431355214442,0.300440110643142
26,"witness","exculpatory",-0.70075499259741,0.231988323179267
26,"witness","ambiguous",-0.118088728134941,0.177770742903251
26,"witness","inculpatory",1.24557183575419,0.218607400474231
26,"character","exculpatory",-0.385031256689146,0.15032787620486
26,"character","inculpatory",0.847340830537457,0.228193992013292
27,"physical","exculpatory",-1.44974992118803,0.29358433092649
27,"physical","ambiguous",0.443522958701228,0.285123416819878
27,"physical","inculpatory",2.68233884680965,0.32753805502842
27,"document","exculpatory",-1.31562553346511,0.289319789509118
27,"document","ambiguous",0.327853938762364,0.26877336044464
27,"document","inculpatory",1.62247403114743,0.291504931675233
27,"witness","exculpatory",-0.63719525510252,0.240263654996505
27,"witness","ambiguous",-0.0672653298418889,0.183361203764749
27,"witness","inculpatory",1.41062993169984,0.215665181490476
27,"character","exculpatory",-0.385949259981018,0.148193360796458
27,"character","inculpatory",1.06338430680724,0.244876456181491
28,"physical","exculpatory",-0.998105226587644,0.275196426247269
28,"physical","ambiguous",-0.0201537797006795,0.284252844764673
28,"physical","inculpatory",1.73739365792794,0.295107820493245
28,"document","exculpatory",-0.48195976603981,0.282052666060549
28,"document","ambiguous",0.365974186001111,0.290222823128808
28,"document","inculpatory",1.12009488940505,0.30989196604216
28,"witness","exculpatory",-0.762377887038139,0.234112611874109
28,"witness","ambiguous",-0.205176628906714,0.185194423971571
28,"witness","inculpatory",1.46421152119188,0.231142776193641
28,"character","exculpatory",-0.267316334801674,0.15513595334522
28,"character","inculpatory",0.582937105256657,0.22254394440625
29,"physical","exculpatory",-0.610392133449062,0.278388024287369
29,"physical","ambiguous",0.367606395545971,0.290163590180082
29,"physical","inculpatory",2.15973026934499,0.316794436617742
29,"document","exculpatory",-0.522883468488927,0.297896362044214
29,"document","ambiguous",0.378473506718892,0.292246820671443
29,"document","inculpatory",1.52734871643386,0.299477588536496
29,"witness","exculpatory",-0.698015393414872,0.218799085427264
29,"witness","ambiguous",-0.164573542233974,0.17203867919945
29,"witness","inculpatory",1.38594106695377,0.21344023208353
29,"character","exculpatory",-0.323723789570259,0.145852284114513
29,"character","inculpatory",0.843481944484194,0.208372121725537
30,"physical","exculpatory",-0.915878499134983,0.282866763843265
30,"physical","ambiguous",-0.227174220885915,0.290610424945131
30,"physical","inculpatory",1.6708229398249,0.33689280282784
30,"document","exculpatory",-1.05472058233899,0.301315515831151
30,"document","ambiguous",1.14129979907236,0.313722717413711
30,"document","inculpatory",1.83136343643093,0.329120329295086
30,"witness","exculpatory",-1.01680170539096,0.273399546283298
30,"witness","ambiguous",-0.135946530108376,0.17812432499156
30,"witness","inculpatory",1.43633525223521,0.231465122654587
30,"character","exculpatory",-0.285352123122544,0.14984578642491
30,"character","inculpatory",0.760165418962642,0.220059621408402
31,"physical","exculpatory",-1.05276749715163,0.265613410158865
31,"physical","ambiguous",0.223480689430065,0.255786582977541
31,"physical","inculpatory",2.31009590866589,0.34065656498628
31,"document","exculpatory",-0.844498402130931,0.265315252006927
31,"document","ambiguous",0.464305945810628,0.272943483423979
31,"document","inculpatory",1.72696504870263,0.312193039906037
31,"witness","exculpatory",-0.523252803339982,0.246801205137677
31,"witness","ambiguous",-0.178724917740644,0.174530808454396
31,"witness","inculpatory",1.26299913646473,0.209529892272391
31,"character","exculpatory",-0.344013534798079,0.145363090807846
31,"character","inculpatory",0.984022557308901,0.228284322506885
